{"cameraMode":{"drawMode":0,"name":"Shaded","section":"Shading Mode"},"sceneLighting":true,"audioPlay":false,"sceneViewState":{"showFog":true,"showMaterialUpdate":true,"showSkybox":true,"showFlares":true,"showImageEffects":true,"showParticleSystems":true},"in2DMode":false,"pivot":{"x":4.377722263336182,"y":-5.053689479827881,"z":12.119853973388672},"rotation":{"x":-0.2890353500843048,"y":-0.08115475624799729,"z":0.024599062278866769,"w":-0.953555166721344},"size":35.87250518798828,"orthographic":false}