{"cameraMode":{"drawMode":0,"name":"Shaded","section":"Shading Mode"},"sceneLighting":false,"audioPlay":false,"sceneViewState":{"showFog":true,"showMaterialUpdate":true,"showSkybox":true,"showFlares":true,"showImageEffects":true,"showParticleSystems":true},"in2DMode":false,"pivot":{"x":2.680999994277954,"y":0.7650075554847717,"z":3.621246337890625},"rotation":{"x":0.04703879728913307,"y":-0.13443361222743989,"z":-0.006389140617102385,"w":-0.9897848963737488},"size":3.306727647781372,"orthographic":false}